{
  "train_loss": [
    0.34139639933904015,
    0.1375867104364766,
    0.10678458785017332,
    0.09079869207408693,
    0.08283066430853472,
    0.07756127677857876,
    0.07487619515094492,
    0.0698628013746606,
    0.0672385725296206,
    0.06482725044091543,
    0.06419631524218453,
    0.06095578707754612,
    0.060228458088305264,
    0.05871946290135384,
    0.056382316889034376,
    0.05475161038339138,
    0.05373971362908681,
    0.051827582096060115,
    0.05130871261159579,
    0.05064482059743669,
    0.050765339988801214,
    0.048541846540239124,
    0.048125611825121775,
    0.04823645715498262,
    0.04752689173652066,
    0.042998701644440494,
    0.041762403957545755,
    0.04191212345742517,
    0.04140334603273206,
    0.041917958793540794,
    0.04051705362896125,
    0.04127729920049508,
    0.040348952636122704,
    0.04013045289450222,
    0.04011687133461237,
    0.04004642214212153,
    0.03967042476352718,
    0.03958020195778873,
    0.039251898829307824,
    0.03938830718398094,
    0.037242890439099736,
    0.036146046780049804,
    0.03632357979400291,
    0.03642328296684556,
    0.03619350530207157,
    0.036320104946692786,
    0.0367562934756279,
    0.035128434830241737,
    0.03683878485527303,
    0.0366115210370885
  ],
  "val_loss": [
    0.16279247105121614,
    0.1088861919939518,
    0.10341971889138221,
    0.08182841837406159,
    0.08462321385741234,
    0.07663251608610153,
    0.07423718571662903,
    0.07769500762224198,
    0.06356492601335048,
    0.0606424231082201,
    0.054888103157281876,
    0.055453353002667426,
    0.06096173003315926,
    0.05791028030216694,
    0.05951053239405155,
    0.05648755170404911,
    0.058828273043036464,
    0.05518744289875031,
    0.048266855999827385,
    0.051682614162564276,
    0.05075520016252995,
    0.04598981849849224,
    0.049439581111073494,
    0.04375460352748632,
    0.04919460788369179,
    0.043369877710938455,
    0.03960957005620003,
    0.039518203027546404,
    0.04144835770130158,
    0.04272363744676113,
    0.03945018444210291,
    0.04044432528316975,
    0.04121928755193949,
    0.040200743824243546,
    0.043637330457568166,
    0.03972448278218508,
    0.0391298558562994,
    0.0419072212651372,
    0.04202216025441885,
    0.041686171852052215,
    0.03824014570564031,
    0.03741049319505692,
    0.036645305529236796,
    0.037238138541579244,
    0.035731160826981065,
    0.03501406572759151,
    0.038669049739837646,
    0.03545516468584538,
    0.03761402014642954,
    0.038378631696105
  ],
  "train_psnr": [
    11.106282011667888,
    14.975233300526936,
    16.8080764664544,
    18.037539143032497,
    18.77702848646376,
    19.290143288506403,
    19.58312833574083,
    20.103289116753473,
    20.365183067321777,
    20.646130519443087,
    20.758875698513457,
    21.12845096588135,
    21.254898855421278,
    21.393333180745444,
    21.630866071912976,
    21.861057323879667,
    22.012320857577855,
    22.200235748291014,
    22.31172398461236,
    22.51262035369873,
    22.48493965996636,
    22.69981000688341,
    22.717946179707845,
    22.78192776574029,
    22.86370851728651,
    23.175620736016167,
    23.282869084676108,
    23.31670765346951,
    23.492221217685277,
    23.32288381788466,
    23.658916727701822,
    23.658018578423395,
    23.628521898057727,
    23.644281768798827,
    23.810938941107857,
    23.69135856628418,
    23.698829227023655,
    23.796038246154787,
    23.8984674665663,
    23.777124468485514,
    24.059068171183267,
    24.27111750708686,
    24.200323232014973,
    24.15729334089491,
    24.225310834248862,
    24.135604243808324,
    24.063735474480524,
    24.48092835744222,
    24.05960241953532,
    24.1167511622111
  ],
  "val_psnr": [
    13.903325462341309,
    16.364987754821776,
    17.19545660018921,
    18.585545539855957,
    18.74394111633301,
    19.51877155303955,
    19.84957275390625,
    19.538144874572755,
    20.674446678161623,
    21.109933280944823,
    22.05870704650879,
    21.719476318359376,
    21.256595039367674,
    21.428462982177734,
    21.421496200561524,
    21.557564735412598,
    21.657403182983398,
    22.164399909973145,
    22.905342483520506,
    22.399956512451173,
    22.803958320617674,
    23.09157791137695,
    22.737640380859375,
    23.39666862487793,
    22.744277572631837,
    23.524792861938476,
    23.837083435058595,
    24.045037841796876,
    23.640481567382814,
    23.2373685836792,
    24.224124336242674,
    23.68620662689209,
    23.585291481018068,
    23.70631275177002,
    23.600501823425294,
    23.97976188659668,
    24.01379852294922,
    23.375526428222656,
    23.760422134399413,
    23.677736854553224,
    24.17752742767334,
    24.16520576477051,
    24.352143669128417,
    24.12160987854004,
    24.526280784606932,
    24.699537086486817,
    23.85046844482422,
    24.716024780273436,
    24.3345739364624,
    24.092868995666503
  ],
  "lr": [
    0.0002,
    0.0002,
    0.0002,
    0.0002,
    0.0002,
    0.0002,
    0.0002,
    0.0002,
    0.0002,
    0.0002,
    0.0002,
    0.0002,
    0.0002,
    0.0002,
    0.0002,
    0.0002,
    0.0002,
    0.0002,
    0.0002,
    0.0002,
    0.0002,
    0.0002,
    0.0002,
    0.0002,
    0.0001,
    0.0001,
    0.0001,
    0.0001,
    0.0001,
    0.0001,
    0.0001,
    0.0001,
    0.0001,
    0.0001,
    0.0001,
    0.0001,
    0.0001,
    0.0001,
    0.0001,
    5e-05,
    5e-05,
    5e-05,
    5e-05,
    5e-05,
    5e-05,
    5e-05,
    5e-05,
    5e-05,
    5e-05,
    5e-05
  ]
}